implementation,platform,security,benchmark,n,throughput_mean,throughput_std,throughput_ci95_low,throughput_ci95_high,cv_pct,latency_mean_us,latency_std_us,latency_p50_us,latency_p95_us,latency_p99_us,latency_min_us,latency_max_us
cpython_3.13,laptop,off,codec-decode,30,36703.65,314.01861876493007,36586.393520696874,36820.90647930313,0.8555514744853171,26.911333333333335,260.66533333333336,24.703666666666663,26.530333333333335,54.332,22.84,54036.96
cpython_3.13,laptop,off,codec-encode,30,26450.289999999997,260.8768560729043,26352.876981004214,26547.70301899578,0.986291099541458,37.462333333333326,2.0043333333333333,37.63900000000001,38.717666666666666,39.86833333333334,32.83,3003.2
cpython_3.13,laptop,off,rx,30,11668.653333333332,600.2518395228577,11444.515612855159,11892.791053811505,5.144139793819605,32.05,3.2920000000000007,31.166333333333334,35.57533333333333,39.541000000000004,27.69,508.68
cpython_3.13,laptop,off,security-sign,30,1339.8400000000004,20.08951690945235,1332.3384511015051,1347.3415488984956,1.4993967122531304,745.9433333333334,34.26,745.198,789.8123333333334,812.2479999999999,590.03,3633.22
cpython_3.13,laptop,off,security-verify,30,190.45,2.2494060518738963,189.61005797616946,191.28994202383052,1.1811005785633482,5250.7103333333325,92.53033333333333,5240.317,5303.891333333334,5449.998666666666,5012.41,9834.64
cpython_3.13,laptop,off,tx,30,13641.369999999999,144.94856674006832,13587.245315664966,13695.494684335032,1.0625660526770282,72.69366666666666,4.697666666666667,72.473,75.36966666666667,78.45733333333335,66.61,2911.76
cpython_3.13,laptop,on,rx,30,188.51999999999998,2.589554614880378,187.5530444153334,189.48695558466656,1.3736232839382443,5296.312999999999,114.80900000000003,5286.994000000001,5377.053,5509.754333333334,5010.48,11205.92
cpython_3.13,laptop,on,tx,30,1174.0566666666666,16.11289231797241,1168.0400137942133,1180.07331953912,1.3724118073209763,851.2053333333334,39.25699999999999,849.9016666666668,898.1843333333331,923.553,705.13,2886.81
cpython_3.13,rpi5,off,codec-decode,30,31566.776666666672,117.42585829110351,31522.92913056669,31610.624202766656,0.3719919190073682,31.273333333333333,0.5603333333333331,31.242,31.906000000000006,32.532,29.98,171.0
cpython_3.13,rpi5,off,codec-encode,30,21826.55333333333,156.06362701847266,21768.278217279905,21884.828449386754,0.7150172756783069,45.433666666666674,0.9893333333333334,45.66166666666666,46.370999999999995,48.13133333333333,42.65,331.15
cpython_3.13,rpi5,off,rx,30,11864.096666666663,41.33964018438858,11848.66019133044,11879.533142002885,0.34844321776757203,33.437666666666665,0.626,33.393,34.125666666666675,35.720000000000006,31.85,128.06
cpython_3.13,rpi5,off,tx,30,12569.519999999999,80.46946904432676,12539.472206437182,12599.567793562815,0.6401952424939598,79.01766666666667,2.7686666666666664,78.95633333333333,80.42933333333333,86.73933333333333,74.74,645.13
cpython_3.13,rpi5,on,rx,30,158.55,0.89894574267631,158.21432814307212,158.8856718569279,0.5669793394363355,6296.148,43.481,6296.019,6366.861666666666,6397.994,6068.55,7234.29
cpython_3.13,rpi5,on,security-sign,30,1167.3133333333333,10.278995433720027,1163.4750933586738,1171.1515733079927,0.8805686648303536,853.883,31.795,854.1993333333334,905.441,926.6243333333334,667.41,1260.24
cpython_3.13,rpi5,on,security-verify,30,158.0366666666667,1.4148189437797907,157.5083645906577,158.5649687426757,0.8952472699034764,6325.1596666666655,9.925666666666666,6323.880333333333,6335.029333333333,6355.947333333332,6192.64,6676.23
cpython_3.13,rpi5,on,tx,30,1064.8933333333334,5.148681339938383,1062.9707841247885,1066.8158825418784,0.48349268220338654,938.1806666666666,33.38666666666667,938.1483333333333,991.5286666666667,1014.9096666666667,762.67,1373.95
pypy_3.11,laptop,off,codec-decode,30,111795.08999999998,883.1809508620061,111465.30481308025,112124.87518691971,0.789999767308212,8.780666666666667,149.5683333333333,7.8130000000000015,11.104000000000001,17.81133333333333,7.21,66776.91
pypy_3.11,laptop,off,codec-encode,30,100484.55666666666,1013.7503840497012,100106.01605212162,100863.0972812117,1.0088618765693262,9.793666666666665,8.158333333333333,9.542000000000002,10.187333333333333,15.168666666666665,8.93,13550.56
pypy_3.11,laptop,off,rx,30,17469.620000000003,458.6677539916277,17298.350645926475,17640.88935407353,2.6255164908660156,19.492666666666665,68.56833333333333,17.316333333333333,31.38133333333333,63.848,10.66,24459.34
pypy_3.11,laptop,off,security-sign,30,1932.6566666666663,7.523328469791002,1929.8474096471994,1935.4659236861332,0.3892739253458195,517.1576666666666,275.2026666666667,508.60766666666666,554.8596666666667,591.756,395.13,20385.24
pypy_3.11,laptop,off,security-verify,30,219.30666666666667,1.7449302591208051,218.65509899969607,219.95823433363728,0.7956576449055227,4557.4676666666655,770.6649999999997,4490.428999999999,4671.268666666667,5497.604666666667,4249.36,51915.11
pypy_3.11,laptop,off,tx,30,76598.08666666667,710.3204909166662,76332.84863629336,76863.32469703998,0.9273345090299465,12.870333333333331,14.227333333333336,11.96866666666667,14.494666666666667,19.77833333333334,11.31,13249.66
pypy_3.11,laptop,on,rx,30,197.75666666666666,2.6963171988439356,196.74984527797193,198.7634880553614,1.3634519858634022,5042.084333333334,732.1163333333333,4972.844333333333,5289.361333333333,5867.123333333335,4617.4,33087.55
pypy_3.11,laptop,on,tx,30,1752.23,13.220364385400238,1747.2934348083134,1757.1665651916867,0.7544879602221305,570.3526666666666,314.0696666666667,551.7420000000001,642.4083333333333,821.231,429.31,21942.15
pypy_3.11,rpi5,off,codec-decode,30,65343.50333333334,419.2579803968406,65186.94983056835,65500.05683609833,0.6416215216654395,15.051333333333332,28.177999999999997,14.586999999999998,15.376000000000001,29.544666666666668,13.09,14979.15
pypy_3.11,rpi5,off,codec-encode,30,53580.600000000006,485.4339068617216,53399.33600018738,53761.86399981263,0.9059881876308246,18.39333333333333,19.060333333333332,17.93233333333333,18.863,33.00166666666667,16.02,15675.21
pypy_3.11,rpi5,off,rx,30,15945.363333333333,280.0034759431207,15840.808317102572,16049.918349564094,1.7560181608266106,21.308333333333334,54.936666666666675,19.654666666666667,25.668333333333333,36.110666666666674,15.65,16114.15
pypy_3.11,rpi5,off,tx,30,31925.506666666668,3479.885022370644,30626.09624410087,33224.91708923246,10.900015021543831,31.374666666666666,32.94133333333333,30.141666666666662,33.24900000000001,51.84100000000001,21.87,17352.89
pypy_3.11,rpi5,on,rx,30,110.19666666666666,0.3586212422630581,110.06275529403382,110.3305780392995,0.3254374684016983,9038.638666666668,1241.549,8964.126666666667,9078.50533333333,9178.493,8671.72,49702.04
pypy_3.11,rpi5,on,security-sign,30,1109.1699999999998,4.472378831650251,1107.4999862983545,1110.8400137016451,0.40321851759876765,900.7433333333333,362.9436666666668,887.0696666666668,963.8233333333334,1006.6206666666666,715.48,21487.87
pypy_3.11,rpi5,on,security-verify,30,121.63333333333334,0.7429360827073248,121.35591644083141,121.91075022583527,0.6107997391400314,8205.825,1212.1650000000002,8123.289666666667,8210.889,8664.883666666668,7911.56,50359.7
pypy_3.11,rpi5,on,tx,30,1051.72,5.999160860860697,1049.4798765191556,1053.9601234808445,0.5704142605313864,950.1203333333334,427.36899999999997,926.3596666666668,1039.182,1129.3456666666668,739.93,26471.13
rust,laptop,off,codec-decode,30,347420.7466666667,3244.272233754845,346209.31550526875,348632.17782806465,0.9338164933677855,2.819666666666666,84.03366666666665,2.5849999999999995,2.6956666666666664,5.719333333333333,2.44,53666.36
rust,laptop,off,codec-encode,30,99503.29333333335,573.3659786482492,99289.19495829778,99717.39170836892,0.5762281422459945,9.988,158.22933333333327,9.141666666666667,9.839333333333334,20.51366666666667,8.67,53977.54
rust,laptop,off,rx,30,19597.260000000002,309.5458314904333,19481.673686913586,19712.84631308642,1.579536279512714,3.117666666666666,1.0946666666666667,3.033333333333333,3.4196666666666666,5.673,2.64,1765.01
rust,laptop,off,tx,30,44729.84,243.84451603429534,44638.786961297985,44820.89303870201,0.5451495378349115,22.277666666666672,234.70199999999997,20.49166666666667,24.991333333333333,32.858000000000004,17.79,54098.1
rust,laptop,on,rx,30,3143.863333333333,28.80833791341208,3133.1061231666636,3154.620543500002,0.9163355673882797,359.9136666666666,186.971,352.03933333333333,392.05833333333334,454.11500000000007,318.47,40287.04
rust,laptop,on,security-sign,30,5025.5233333333335,14.074155412482595,5020.267957332625,5030.778709334042,0.28005352833865915,198.91400000000002,708.5583333333333,182.903,189.51899999999998,404.8126666666667,181.14,54160.98
rust,laptop,on,security-verify,30,3257.1800000000003,10.219602529554122,3253.363937700236,3260.9960622997646,0.3137561488635605,306.9403333333333,16.861666666666668,304.93266666666665,312.2386666666667,348.4676666666667,301.51,18381.02
rust,laptop,on,tx,30,4949.61,13.201654807454014,4944.680421079534,4954.539578920465,0.26672111151088707,201.913,720.8346666666664,182.91866666666664,216.16299999999995,488.8146666666667,20.71,93276.34
rust,rpi5,off,codec-decode,30,196504.7033333333,194.8483202892441,196431.9457748003,196577.46089186633,0.09915707715083061,4.6143333333333345,0.1376666666666667,4.610666666666669,4.683666666666667,4.721333333333333,4.43,149.72
rust,rpi5,off,codec-encode,30,58607.37333333333,45.703474049900656,58590.30737565193,58624.43929101473,0.07798246440760809,16.568333333333335,0.22033333333333333,16.55666666666667,16.68466666666667,16.763333333333332,16.26,116.43
rust,rpi5,off,rx,30,30102.260000000002,2013.088830902265,29350.560276701908,30853.959723298096,6.687500642484203,5.558999999999999,1.351,4.820333333333334,8.090333333333334,9.083,3.94,929.85
rust,rpi5,off,tx,30,34072.823333333334,216.07438004688058,33992.13983382763,34153.50683283904,0.634154610356271,28.851666666666667,0.9763333333333333,28.68066666666666,29.538333333333334,33.501999999999995,27.19,770.33
rust,rpi5,on,rx,30,1466.3266666666673,5.8893201605977366,1464.127558377367,1468.5257749559676,0.40163766331725087,697.6273333333334,7.514666666666665,696.5646666666667,703.0803333333333,709.1199999999998,691.72,12103.42
rust,rpi5,on,security-sign,30,2401.4566666666665,1.5912873412111175,2400.862470208113,2402.05086312522,0.06626342100188293,415.8483333333334,1.2546666666666666,415.65833333333336,417.20466666666664,417.8596666666666,414.81,603.59
rust,rpi5,on,security-verify,30,1457.7066666666672,1.0881598935923824,1457.3003410846256,1458.1129922487087,0.07464875605465084,685.4373333333334,1.4130000000000005,685.0406666666667,687.2696666666666,688.0930000000002,683.67,1185.65
rust,rpi5,on,tx,30,2386.94,3.5178951387010944,2385.6263963667375,2388.2536036332626,0.1473809621817513,418.4336666666667,77.91633333333334,414.91799999999995,421.434,423.14033333333333,20.63,28887.65
rust-cv2x,mk6,off,codec-decode,30,26874.603333333336,267.9610194030844,26774.545044276267,26974.661622390406,0.9970789748205314,36.58633333333333,3.8106666666666658,36.223333333333336,36.71533333333334,48.564,34.75,1070.71
rust-cv2x,mk6,off,codec-encode,30,7913.343333333334,85.225209494218,7881.519717101699,7945.166949564969,1.0769810673476572,125.72833333333332,7.430000000000001,124.15400000000002,130.8553333333333,165.03333333333336,121.51,880.07
rust-cv2x,mk6,off,rx,30,1426.0800000000002,24.72650957701206,1416.846969583336,1435.3130304166643,1.733879556337096,57.89533333333334,21.831666666666667,51.35700000000001,98.65800000000003,124.76800000000001,36.0,5316.16
rust-cv2x,mk6,off,tx,30,4706.473333333332,92.64614525108459,4671.8786941495955,4741.067972517069,1.9684833778813422,211.66199999999998,202.62066666666672,193.12266666666673,251.60200000000006,389.943,162.64,14688.51
rust-cv2x,mk6,on,rx,30,117.70666666666666,10.2786666696487,113.8685494545289,121.54478387880442,8.732442231803947,3322.1060000000007,487.6943333333334,3079.117666666667,4269.232,4481.665333333333,2943.61,14385.27
rust-cv2x,mk6,on,security-sign,30,571.9200000000001,0.3556441460514948,571.7872002933624,572.0527997066378,0.06218424710649999,1747.1633333333334,40.31233333333333,1731.5663333333334,1839.1539999999998,1885.851333333333,1712.01,3317.51
rust-cv2x,mk6,on,security-verify,30,337.0066666666668,0.3382850596895963,336.8803489494051,337.13298438392843,0.10037933760645573,2965.7230000000004,92.86333333333336,2921.319333333333,3162.7603333333336,3214.169666666667,2883.36,6443.27
rust-cv2x,mk6,on,tx,30,471.51,1.1812763407024889,471.0689041651745,471.9510958348255,0.25053049579064895,2119.4669999999996,543.0416666666667,2003.7240000000004,2384.6113333333333,4842.211333333335,1928.28,15109.18
